id,code,parent_id,title,meta_section,position
1,meta_fantastika,,Фантастика,,1
2,meta_detektivy_i_trillery,,Детективы и триллеры,,2
3,meta_dom_i_semya,,Дом и семья,,3
4,meta_proza,,Проза,,4
5,meta_lyubovnye_romany,,Любовные романы,,5
6,meta_priklyucheniya,,Приключения,,6
7,meta_detskaya_literatura_skazki,,Детская литература: сказки,,7
8,meta_detskaya_hudozhestvennaya_literatura,,Детская художественная литература,,8
9,meta_religiya_duhovnost_ezoterika,,"Религия, духовность, эзотерика",,9
10,meta_detskaya_literatura_prochee,,Детская литература: прочее,,10
11,meta_poeziya,,Поэзия,,11
12,meta_dramaturgiya,,Драматургия,,12
13,meta_starinnoe,,Старинное,,13
14,meta_folklor,,Фольклор,,14
15,meta_nauka_obrazovanie,,"Наука, Образование",,15
16,meta_iskusstvo_iskusstvovedenie_dizayn,,"Искусство, Искусствоведение, Дизайн",,16
17,meta_tehnika,,Техника,,17
18,meta_kompyutery_i_internet,,Компьютеры и Интернет,,18
19,meta_spravochnaya_literatura,,Справочная литература,,19
20,meta_dokumentalnaya_literatura,,Документальная литература,,20
21,meta_yumor,,Юмор,,21
22,meta_prochee,,Прочее,,22
23,meta_delovaya_literatura,,Деловая литература,,23
24,meta_uchebniki_i_posobiya,,Учебники и пособия,,24
25,sf_history,1,Альтернативная история,Фантастика,1
26,sf_action,1,Боевая фантастика и фэнтези,Фантастика,2
27,sf_epic,1,Эпическая фантастика и фэнтези,Фантастика,3
28,sf_heroic,1,Героическая фантастика и фэнтези,Фантастика,4
29,sf_detective,1,Детективная фантастика,Фантастика,5
30,sf_cyberpunk,1,Киберпанк,Фантастика,6
31,sf_space,1,Космическая фантастика,Фантастика,7
32,sf_social,1,Социально-психологическая фантастика,Фантастика,8
33,sf_horror,1,Ужасы,Фантастика,9
34,sf_humor,1,Юмористическая фантастика и фэнтези,Фантастика,10
35,sf_fantasy,1,Фэнтези,Фантастика,11
36,sf,1,Научная фантастика,Фантастика,12
37,det_classic,2,Классический детектив,Детективы и триллеры,13
38,det_police,2,Полицейский детектив,Детективы и триллеры,14
39,det_action,2,Боевик,Детективы и триллеры,15
40,det_irony,2,Иронический детектив,Детективы и триллеры,16
41,sci_psychology_popular,3,Популярная психология,Дом и семья,293
42,det_history,2,Исторический детектив,Детективы и триллеры,17
43,det_espionage,2,Шпионский детектив,Детективы и триллеры,18
44,det_crime,2,Криминальный детектив,Детективы и триллеры,19
45,det_political,2,Политический детектив,Детективы и триллеры,20
46,det_maniac,2,Про маньяков,Детективы и триллеры,21
47,det_hard,2,Крутой детектив,Детективы и триллеры,22
48,thriller,2,Триллер,Детективы и триллеры,23
49,detective,2,Детективы,Детективы и триллеры,24
50,prose,4,Проза,Проза,25
51,prose_classic,4,Классическая проза,Проза,26
52,prose_history,4,Историческая проза,Проза,27
53,prose_contemporary,4,Современная русская и зарубежная проза,Проза,28
54,prose_counter,4,Контркультура,Проза,29
55,prose_rus_classic,4,Русская классическая проза,Проза,30
56,prose_su_classics,4,Советская классическая проза,Проза,31
57,love_contemporary,5,Современные любовные романы,Любовные романы,32
58,love_history,5,Исторические любовные романы,Любовные романы,33
59,love_detective,5,Остросюжетные любовные романы,Любовные романы,34
60,love_short,5,Короткие любовные романы,Любовные романы,35
61,love_erotica,5,Эротическая литература,Любовные романы,36
62,love,5,Любовные романы,Любовные романы,37
63,adv_history,6,Исторические приключения,Приключения,39
64,adv_indian,6,"Вестерн, про индейцев",Приключения,40
65,adv_maritime,6,Морские приключения,Приключения,41
66,adv_geo,6,Путешествия и география,Приключения,42
67,adv_animal,6,Природа и животные,Приключения,43
68,adventure,6,Приключения,Приключения,44
69,child_tale,7,Литературные и народные сказки: прочее,Детская литература: сказки,45
70,child_verse,8,Стихи для детей и подростков,Детская художественная литература,46
71,child_prose,8,Детская проза: прочее,Детская художественная литература,47
72,religion_budda,9,Буддизм,"Религия, духовность, эзотерика",128
73,child_sf,8,Детская фантастика: прочее,Детская художественная литература,48
74,child_det,8,Детские остросюжетные: прочее,Детская художественная литература,49
75,child_adv,8,Детская проза: приключения,Детская художественная литература,50
76,child_education,10,Детская образовательная литература,Детская литература: прочее,51
77,children,10,Детская литература: прочее,Детская литература: прочее,52
78,poetry,11,Поэзия,Поэзия,53
79,dramaturgy,12,Драматургия,Драматургия,54
80,antique_ant,13,Античная литература,Старинное,55
81,antique_european,13,Европейская старинная литература,Старинное,56
82,antique_russian,13,Древнерусская литература,Старинное,57
83,antique_east,13,Древневосточная литература,Старинное,58
84,antique_myths,14,Мифы. Легенды. Эпос,Фольклор,59
85,antique,13,antique,Старинное,60
86,sci_history,15,История,"Наука, Образование",61
87,sci_psychology,15,Психология и психотерапия,"Наука, Образование",62
88,sci_culture,16,Культурология,"Искусство, Искусствоведение, Дизайн",63
89,sci_religion,9,Религиоведение,"Религия, духовность, эзотерика",64
90,sci_philosophy,15,Философия,"Наука, Образование",65
91,sci_politics,15,Политика,"Наука, Образование",66
92,sci_juris,15,Юриспруденция,"Наука, Образование",68
93,sci_linguistic,15,"Языкознание, иностранные языки","Наука, Образование",69
94,sci_medicine,15,Медицина,"Наука, Образование",70
95,sci_phys,15,Физика,"Наука, Образование",71
96,sci_math,15,Математика,"Наука, Образование",72
97,sci_chem,15,Химия,"Наука, Образование",73
98,sci_biology,15,"Биология, биофизика, биохимия","Наука, Образование",74
99,sci_tech,17,Технические науки,Техника,75
100,science,15,Научная литература,"Наука, Образование",76
101,comp_www,18,"ОС и Сети, интернет",Компьютеры и Интернет,77
102,comp_hard,18,"Компьютерное 'железо' (аппаратное обеспечение), цифровая обработка сигналов",Компьютеры и Интернет,79
103,comp_db,18,"Программирование, программы, базы данных",Компьютеры и Интернет,81
104,computers,18,"Зарубежная компьютерная, околокомпьютерная литература",Компьютеры и Интернет,83
105,notes,16,Партитуры,"Искусство, Искусствоведение, Дизайн",127
106,ref_encyc,19,Энциклопедии,Справочная литература,84
107,ref_dict,19,Словари,Справочная литература,85
108,sci_cosmos,15,Астрономия и Космос,"Наука, Образование",126
109,ref_ref,19,Справочники,Справочная литература,86
110,ref_guide,19,Руководства,Справочная литература,87
111,sci_geo,15,Геология и география,"Наука, Образование",125
112,reference,19,Справочная литература,Справочная литература,88
113,sf_fantasy_city,1,Городское фэнтези,Фантастика,124
114,nonf_biography,20,Биографии и мемуары: прочее,Документальная литература,89
115,nonf_publicism,20,Публицистика,Документальная литература,90
116,nonf_criticism,16,Критика,"Искусство, Искусствоведение, Дизайн",91
117,design,16,Искусство и Дизайн,"Искусство, Искусствоведение, Дизайн",92
118,sci_state,15,Государство и право,"Наука, Образование",122
119,nonfiction,20,Документальная литература,Документальная литература,93
120,sci_economy,15,Экономика,"Наука, Образование",121
121,religion_esoterics,9,"Эзотерика, эзотерическая литература","Религия, духовность, эзотерика",95
122,religion_self,9,Самосовершенствование,"Религия, духовность, эзотерика",96
123,sci_build,17,Строительство и сопромат,Техника,120
124,religion,9,"Религия, религиозная литература","Религия, духовность, эзотерика",97
125,sci_radio,17,Радиоэлектроника,Техника,119
126,humor_anecdote,21,Анекдоты,Юмор,98
127,humor_prose,21,Юмористическая проза,Юмор,99
128,humor_verse,11,"Юмористические стихи, басни",Поэзия,100
129,sci_metal,17,Металлургия,Техника,118
130,humor,21,Юмор,Юмор,101
131,home_cooking,3,Кулинария,Дом и семья,102
132,home_pets,3,Домашние животные,Дом и семья,103
133,sci_transport,17,Транспорт и авиация,Техника,117
134,home_crafts,3,Хобби и ремесла,Дом и семья,104
135,home_entertain,3,Развлечения,Дом и семья,105
136,home_health,3,Здоровье,Дом и семья,106
137,home_garden,3,Сад и огород,Дом и семья,107
138,home_diy,3,Сделай сам,Дом и семья,108
139,home_sport,3,"Боевые искусства, спорт",Дом и семья,109
140,home_sex,3,"Семейные отношения, секс",Дом и семья,110
141,home,3,Домоводство,Дом и семья,111
142,other,22,Неотсортированное,Прочее,112
143,prose_military,4,Проза о войне,Проза,130
144,sf_postapocalyptic,1,Постапокалипсис,Фантастика,131
145,banking,23,Финансы,Деловая литература,132
146,org_behavior,23,"Маркетинг, PR",Деловая литература,136
147,popular_business,23,"Карьера, кадры",Деловая литература,141
148,economics_ref,23,Деловая литература,Деловая литература,144
149,economics,23,Экономика,Деловая литература,147
150,love_sf,5,"Любовное фэнтези, любовно-фантастические романы",Любовные романы,148
151,sci_medicine_alternative,15,Альтернативная медицина,"Наука, Образование",149
152,sci_philology,15,Литературоведение,"Наука, Образование",150
153,geo_guides,19,"Путеводители, карты, атласы",Справочная литература,152
154,periodic,22,"Журналы, газеты",Прочее,153
155,sf_litrpg,1,ЛитРПГ,Фантастика,253
156,det_su,2,Советский детектив,Детективы и триллеры,154
157,child_classical,10,Классическая детская литература,Детская литература: прочее,155
158,child_tale_rus,7,Русские сказки,Детская литература: сказки,156
159,foreign_children,10,Зарубежная литература для детей,Детская литература: прочее,157
160,prose_game,10,Детский досуг,Детская литература: прочее,158
161,nonf_military,20,Военная документалистика и аналитика,Документальная литература,159
162,military_special,20,Военное дело,Документальная литература,160
163,travel_notes,20,"География, путевые заметки",Документальная литература,161
164,sci_pedagogy,3,"Педагогика, воспитание детей, литература для родителей",Дом и семья,162
165,auto_regulations,3,Автомобили и ПДД,Дом и семья,163
166,home_collecting,3,Коллекционирование,Дом и семья,164
167,family,3,Семейные отношения,Дом и семья,165
168,tbg_computers,18,"Учебные пособия, самоучители",Компьютеры и Интернет,166
169,love_hard,5,Порно,Любовные романы,167
170,sci_popular,15,"Образовательная, прикладная, научно-популярная литература","Наука, Образование",168
171,child_prose_humor,8,"Детская проза: юмористическая, о школе и школьниках",Детская художественная литература,296
172,military_history,15,Военная история,"Наука, Образование",169
173,sci_social_studies,15,"Обществознание, социология","Наука, Образование",170
174,sci_zoo,15,Зоология,"Наука, Образование",171
175,sci_botany,15,Ботаника,"Наука, Образование",172
176,sci_ecology,15,Экология,"Наука, Образование",173
177,sci_oriental,15,Востоковедение,"Наука, Образование",174
178,sci_theories,15,Альтернативные науки и научные теории,"Наука, Образование",175
179,sci_veterinary,15,Ветеринария,"Наука, Образование",176
180,comedy,12,Комедия,Драматургия,177
181,tragedy,12,Трагедия,Драматургия,178
182,drama,12,Драма,Драматургия,179
183,drama_antique,12,Античная драма,Драматургия,180
184,screenplays,12,Сценарий,Драматургия,181
185,vaudeville,12,"Мистерия, буффонада, водевиль",Драматургия,182
186,poetry_classical,11,Классическая поэзия,Поэзия,183
187,poetry_modern,11,Современная поэзия,Поэзия,184
188,poetry_rus_classical,11,Классическая русская поэзия,Поэзия,185
189,poetry_rus_modern,11,Современная русская поэзия,Поэзия,186
190,poetry_for_classical,11,Классическая зарубежная поэзия,Поэзия,187
191,poetry_for_modern,11,Современная зарубежная поэзия,Поэзия,188
192,poetry_east,11,Поэзия Востока,Поэзия,189
193,lyrics,11,Лирика,Поэзия,190
194,song_poetry,11,Песенная поэзия,Поэзия,191
195,poem,11,"Поэма, эпическая поэзия",Поэзия,192
196,palindromes,11,"Визуальная и экспериментальная поэзия, верлибры, палиндромы",Поэзия,193
197,adv_modern,6,Приключения в современном мире,Приключения,194
198,tale_chivalry,6,Рыцарский роман,Приключения,195
199,adv_story,6,Авантюрный роман,Приключения,196
200,foreign_prose,4,Зарубежная классическая проза,Проза,197
201,foreign_antique,4,Средневековая классическая проза,Проза,198
202,literature_18,4,Классическая проза XVII-XVIII веков,Проза,199
203,literature_19,4,Классическая проза ХIX века,Проза,200
204,literature_20,4,Классическая проза ХX века,Проза,201
205,gothic_novel,4,Готический роман,Проза,202
206,prose_magic,4,Магический реализм,Проза,203
207,epistolary_fiction,4,Эпистолярная проза,Проза,204
208,prose_neformatny,4,"Экспериментальная, неформатная проза",Проза,205
209,aphorisms,4,"Афоризмы, цитаты",Проза,206
210,great_story,4,"Роман, повесть",Проза,207
211,story,4,"Малые литературные формы прозы: рассказы, эссе, новеллы, феерия",Проза,208
212,prose_abs,4,"Фантасмагория, абсурдистская проза",Проза,209
213,comics,22,Комиксы,Прочее,210
214,unfinished,22,Незавершенное,Прочее,211
215,fanfiction,22,Фанфик,Прочее,212
216,network_literature,22,"Самиздат, сетевая литература",Прочее,213
217,religion_christianity,9,Христианство,"Религия, духовность, эзотерика",214
218,religion_orthodoxy,9,Православие,"Религия, духовность, эзотерика",215
219,religion_protestantism,9,Протестантизм,"Религия, духовность, эзотерика",216
220,religion_catholicism,9,Католицизм,"Религия, духовность, эзотерика",217
221,religion_judaism,9,Иудаизм,"Религия, духовность, эзотерика",218
222,religion_hinduism,9,Индуизм,"Религия, духовность, эзотерика",219
223,religion_islam,9,Ислам,"Религия, духовность, эзотерика",220
224,religion_paganism,9,Язычество,"Религия, духовность, эзотерика",221
225,astrology,9,Астрология и хиромантия,"Религия, духовность, эзотерика",222
226,military_weapon,17,"Военное дело, военная техника и вооружение",Техника,223
227,auto_business,17,Автодело,Техника,224
228,equ_history,17,История техники,Техника,225
229,sf_etc,1,Фантастика,Фантастика,226
230,russian_fantasy,1,Российское фэнтези,Фантастика,227
231,sf_technofantasy,1,Технофэнтези,Фантастика,228
232,fairy_fantasy,1,Мифологическое фэнтези,Фантастика,229
233,hronoopera,1,Хроноопера,Фантастика,230
234,sf_mystic,1,Мистика,Фантастика,231
235,sf_stimpank,1,Стимпанк,Фантастика,232
236,modern_tale,1,Современная сказка,Фантастика,233
237,humor_satire,21,Сатира,Юмор,234
238,folklore,14,"Фольклор, загадки folklore",Фольклор,235
239,folk_tale,7,Народные сказки,Детская литература: сказки,236
240,epic,14,"Былины, эпопея",Фольклор,237
241,proverbs,14,"Пословицы, поговорки",Фольклор,238
242,folk_songs,14,Народные песни,Фольклор,239
243,child_folklore,10,Детский фольклор,Детская литература: прочее,240
244,limerick,14,"Частушки, прибаутки, потешки",Фольклор,241
245,music,16,Музыка,"Искусство, Искусствоведение, Дизайн",242
246,painting,16,"Живопись, альбомы, иллюстрированные каталоги","Искусство, Искусствоведение, Дизайн",243
247,architecture_book,16,Скульптура и архитектура,"Искусство, Искусствоведение, Дизайн",244
248,art_world_culture,16,Мировая художественная культура,"Искусство, Искусствоведение, Дизайн",245
249,cine,16,Кино,"Искусство, Искусствоведение, Дизайн",246
250,theatre,16,Театр,"Искусство, Искусствоведение, Дизайн",247
251,art_criticism,16,Искусствоведение,"Искусство, Искусствоведение, Дизайн",248
252,sci_textbook,24,Учебники и пособия,Учебники и пособия,249
253,tbg_school,24,"Школьные учебники и пособия, рефераты, шпаргалки",Учебники и пособия,250
254,tbg_secondary,24,Учебники и пособия для среднего и специального образования,Учебники и пособия,251
255,tbg_higher,24,Учебники и пособия ВУЗов,Учебники и пособия,252
256,popadancy,1,Попаданцы,Фантастика,254
257,child_tale_foreign_writers,7,Сказки зарубежных писателей,Детская литература: сказки,255
258,child_tale_russian_writers,7,Сказки отечественных писателей,Детская литература: сказки,256
259,child_prose_history,8,Детская проза: военная и историческая,Детская художественная литература,257
260,child_adv_animal,8,Детская проза: о животных и природе,Детская художественная литература,258
261,child_prose_romantic,8,Детская проза: романтическая,Детская художественная литература,259
262,child_sf_space,8,"Детская фантастика: космические приключения, пришельцы",Детская художественная литература,260
263,child_sf_hronoopera,8,"Детская фантастика: темпоральная, попаданцы",Детская художественная литература,261
264,child_sf_horror,8,Детская фантастика: ужасы и мистика,Детская художественная литература,262
265,child_sf_fantasy,8,Детская фантастика: фэнтези,Детская художественная литература,263
266,child_det_children_detectives,8,Детские детективы: дети-сыщики,Детская художественная литература,264
267,child_det_animal_detectives,8,Детские детективы: животные-сыщики,Детская художественная литература,265
268,child_det_other,8,Детские детективы: прочее,Детская художественная литература,266
269,child_dramaturgy,8,Драматургия для детей и подростков,Детская художественная литература,267
270,asian_fantasy,1,"Азиатское фэнтези (уся, сянься, культивация)",Фантастика,268
271,dystopian,1,Антиутопия,Фантастика,269
272,boyar_anime,1,Бояръ-аниме,Фантастика,270
273,everyday_fantasy,1,Бытовое фэнтези,Фантастика,271
274,dorama,1,Дорама,Фантастика,272
275,foreign_sf,1,Зарубежная фантастика и фэнтези,Фантастика,273
276,historical_fantasy,1,Историческое фэнтези,Фантастика,274
277,magic_school,1,Магическая академия,Фантастика,275
278,nsf,1,Ненаучная фантастика,Фантастика,276
279,adventure_fantasy,1,Приключенческое фэнтези,Фантастика,277
280,sf_industrial_magic,1,Производственная магия,Фантастика,278
281,sf_realrpg,1,РеалРПГ,Фантастика,279
282,slavic_fantasy,1,Славянское фэнтези,Фантастика,280
283,sf_su,1,Советская фантастика,Фантастика,281
284,dark_fantasy,1,Тёмное фэнтези,Фантастика,282
285,utopia,1,Утопия,Фантастика,283
286,fantasy_det,1,Фантастический детектив,Фантастика,284
287,nonf_biography_military_figures,20,Военные мемуары,Документальная литература,285
288,nonf_biography_celebrities,20,"Биографии и мемуары: звезды кино, театра, балета, шоу-бизнеса",Документальная литература,286
289,nonf_biography_historical,20,Биографии и мемуары: исторические персоны,Документальная литература,287
290,about_musicians,20,"Биографии и мемуары: музыканты, композиторы, художники",Документальная литература,288
291,nonf_biography_writers,20,"Биографии и мемуары: писатели, поэты, драматурги",Документальная литература,289
292,det_artifact,2,Артефакт-детективы,Детективы и триллеры,290
293,det_lady,2,Дамский детективный роман,Детективы и триллеры,291
294,det_other,2,Детективы и триллеры: прочее,Детективы и триллеры,292
295,fan_translation,22,Любительский перевод,Прочее,294
296,computer_translation,22,Машинный перевод,Прочее,295
